{"cells":[{"name":{"_data_":"CC_CA1_part1","_wellknowntype_":"string"},"views":[{"name":{"_data_":"inductor_schem","_wellknowntype_":"string"},"references":{"cells":[],"externalFiles":[],"libraries":[],"libraryFiles":[],"pcbVias":[],"views":[{"_data_":"TSMC_CM018RF_v5a:TSMC_CM018RF_INDS2_STD:symbol","_wellknowntype_":"string"},{"_data_":"TSMC_CM018RF_v5a:TSMC_CM018RF_PROCESS:symbol","_wellknowntype_":"string"},{"_data_":"ads_datacmps:VAR:symbol","_wellknowntype_":"string"},{"_data_":"ads_rflib:GROUND:symbol","_wellknowntype_":"string"},{"_data_":"ads_rflib:I_Probe:symbol","_wellknowntype_":"string"},{"_data_":"ads_simulation:AC:symbol","_wellknowntype_":"string"},{"_data_":"ads_simulation:ParamSweep:symbol","_wellknowntype_":"string"},{"_data_":"ads_sources:V_1Tone:symbol","_wellknowntype_":"string"}]},"timestamp":[{"file":{"_data_":".","_wellknowntype_":"string"},"time":{"_data_":1744646897757,"_wellknowntype_":"int64"}},{"file":{"_data_":"master.tag","_wellknowntype_":"string"},"time":{"_data_":1744528169108,"_wellknowntype_":"int64"}},{"file":{"_data_":"sch.oa","_wellknowntype_":"string"},"time":{"_data_":1744646896992,"_wellknowntype_":"int64"}}]}]},{"name":{"_data_":"Diode_varactor_sparam","_wellknowntype_":"string"},"views":[{"name":{"_data_":"schematic","_wellknowntype_":"string"},"references":{"cells":[],"externalFiles":[],"libraries":[],"libraryFiles":[],"pcbVias":[],"views":[{"_data_":"TSMC_CM018RF_v5a:TSMC_CM018RF_NMOS:symbol","_wellknowntype_":"string"},{"_data_":"TSMC_CM018RF_v5a:TSMC_CM018RF_PROCESS:symbol","_wellknowntype_":"string"},{"_data_":"ads_datacmps:VAR:symbol","_wellknowntype_":"string"},{"_data_":"ads_rflib:GROUND:symbol","_wellknowntype_":"string"},{"_data_":"ads_simulation:ParamSweep:symbol","_wellknowntype_":"string"},{"_data_":"ads_simulation:S_Param:symbol","_wellknowntype_":"string"},{"_data_":"ads_simulation:Term:symbol","_wellknowntype_":"string"},{"_data_":"ads_sources:V_DC:symbol","_wellknowntype_":"string"}]},"timestamp":[{"file":{"_data_":".","_wellknowntype_":"string"},"time":{"_data_":1744905935409,"_wellknowntype_":"int64"}},{"file":{"_data_":"master.tag","_wellknowntype_":"string"},"time":{"_data_":1744890204430,"_wellknowntype_":"int64"}},{"file":{"_data_":"sch.oa","_wellknowntype_":"string"},"time":{"_data_":1744904641091,"_wellknowntype_":"int64"}}]}]},{"name":{"_data_":"NMOS_transistors","_wellknowntype_":"string"},"views":[{"name":{"_data_":"schematic","_wellknowntype_":"string"},"references":{"cells":[],"externalFiles":[],"libraries":[],"libraryFiles":[],"pcbVias":[],"views":[{"_data_":"TSMC_CM018RF_v5a:TSMC_CM018RF_NMOS:symbol","_wellknowntype_":"string"},{"_data_":"TSMC_CM018RF_v5a:TSMC_CM018RF_PROCESS:symbol","_wellknowntype_":"string"},{"_data_":"ads_datacmps:VAR:symbol","_wellknowntype_":"string"},{"_data_":"ads_rflib:GROUND:symbol","_wellknowntype_":"string"},{"_data_":"ads_rflib:I_Probe:symbol","_wellknowntype_":"string"},{"_data_":"ads_simulation:DC:symbol","_wellknowntype_":"string"},{"_data_":"ads_simulation:ParamSweep:symbol","_wellknowntype_":"string"},{"_data_":"ads_sources:V_DC:symbol","_wellknowntype_":"string"}]},"timestamp":[{"file":{"_data_":".","_wellknowntype_":"string"},"time":{"_data_":1744570234979,"_wellknowntype_":"int64"}},{"file":{"_data_":"master.tag","_wellknowntype_":"string"},"time":{"_data_":1744536131015,"_wellknowntype_":"int64"}},{"file":{"_data_":"sch.oa","_wellknowntype_":"string"},"time":{"_data_":1744553559390,"_wellknowntype_":"int64"}}]}]},{"name":{"_data_":"R_and_L_part1","_wellknowntype_":"string"},"views":[{"name":{"_data_":"schematic","_wellknowntype_":"string"},"references":{"cells":[],"externalFiles":[],"libraries":[],"libraryFiles":[],"pcbVias":[],"views":[{"_data_":"TSMC_CM018RF_v5a:TSMC_CM018RF_INDS2_STD:symbol","_wellknowntype_":"string"},{"_data_":"TSMC_CM018RF_v5a:TSMC_CM018RF_PROCESS:symbol","_wellknowntype_":"string"},{"_data_":"ads_rflib:GROUND:symbol","_wellknowntype_":"string"},{"_data_":"ads_rflib:I_Probe:symbol","_wellknowntype_":"string"},{"_data_":"ads_simulation:AC:symbol","_wellknowntype_":"string"},{"_data_":"ads_sources:V_1Tone:symbol","_wellknowntype_":"string"}]},"timestamp":[{"file":{"_data_":".","_wellknowntype_":"string"},"time":{"_data_":1744571328262,"_wellknowntype_":"int64"}},{"file":{"_data_":"master.tag","_wellknowntype_":"string"},"time":{"_data_":1744530046157,"_wellknowntype_":"int64"}},{"file":{"_data_":"sch.oa","_wellknowntype_":"string"},"time":{"_data_":1744553563206,"_wellknowntype_":"int64"}}]}]},{"name":{"_data_":"all_together","_wellknowntype_":"string"},"views":[]},{"name":{"_data_":"capacitor_check","_wellknowntype_":"string"},"views":[{"name":{"_data_":"schematic","_wellknowntype_":"string"},"references":{"cells":[],"externalFiles":[],"libraries":[],"libraryFiles":[],"pcbVias":[],"views":[{"_data_":"TSMC_CM018RF_v5a:TSMC_CM018RF_MIMCAP:symbol","_wellknowntype_":"string"},{"_data_":"TSMC_CM018RF_v5a:TSMC_CM018RF_PROCESS:symbol","_wellknowntype_":"string"},{"_data_":"ads_datacmps:VAR:symbol","_wellknowntype_":"string"},{"_data_":"ads_rflib:GROUND:symbol","_wellknowntype_":"string"},{"_data_":"ads_rflib:I_Probe:symbol","_wellknowntype_":"string"},{"_data_":"ads_simulation:AC:symbol","_wellknowntype_":"string"},{"_data_":"ads_simulation:ParamSweep:symbol","_wellknowntype_":"string"},{"_data_":"ads_sources:V_1Tone:symbol","_wellknowntype_":"string"}]},"timestamp":[{"file":{"_data_":".","_wellknowntype_":"string"},"time":{"_data_":1744557130230,"_wellknowntype_":"int64"}},{"file":{"_data_":"master.tag","_wellknowntype_":"string"},"time":{"_data_":1744544176804,"_wellknowntype_":"int64"}},{"file":{"_data_":"sch.oa","_wellknowntype_":"string"},"time":{"_data_":1744553548932,"_wellknowntype_":"int64"}}]}]},{"name":{"_data_":"diode_varactor","_wellknowntype_":"string"},"views":[{"name":{"_data_":"schematic","_wellknowntype_":"string"},"references":{"cells":[],"externalFiles":[],"libraries":[],"libraryFiles":[],"pcbVias":[],"views":[{"_data_":"TSMC_CM018RF_v5a:TSMC_CM018RF_NMOS:symbol","_wellknowntype_":"string"},{"_data_":"TSMC_CM018RF_v5a:TSMC_CM018RF_PROCESS:symbol","_wellknowntype_":"string"},{"_data_":"ads_datacmps:VAR:symbol","_wellknowntype_":"string"},{"_data_":"ads_rflib:GROUND:symbol","_wellknowntype_":"string"},{"_data_":"ads_rflib:I_Probe:symbol","_wellknowntype_":"string"},{"_data_":"ads_simulation:AC:symbol","_wellknowntype_":"string"},{"_data_":"ads_simulation:ParamSweep:symbol","_wellknowntype_":"string"},{"_data_":"ads_sources:V_AC:symbol","_wellknowntype_":"string"},{"_data_":"ads_sources:V_DC:symbol","_wellknowntype_":"string"}]},"timestamp":[{"file":{"_data_":".","_wellknowntype_":"string"},"time":{"_data_":1744905100696,"_wellknowntype_":"int64"}},{"file":{"_data_":"master.tag","_wellknowntype_":"string"},"time":{"_data_":1744641498307,"_wellknowntype_":"int64"}},{"file":{"_data_":"sch.oa","_wellknowntype_":"string"},"time":{"_data_":1744905100659,"_wellknowntype_":"int64"}}]}]},{"name":{"_data_":"inductor_test","_wellknowntype_":"string"},"views":[]},{"name":{"_data_":"new","_wellknowntype_":"string"},"views":[{"name":{"_data_":"schematic","_wellknowntype_":"string"},"references":{"cells":[],"externalFiles":[],"libraries":[],"libraryFiles":[],"pcbVias":[],"views":[{"_data_":"TSMC_CM018RF_v5a:TSMC_CM018RF_NMOS:symbol","_wellknowntype_":"string"},{"_data_":"TSMC_CM018RF_v5a:TSMC_CM018RF_PROCESS:symbol","_wellknowntype_":"string"},{"_data_":"ads_datacmps:VAR:symbol","_wellknowntype_":"string"},{"_data_":"ads_rflib:GROUND:symbol","_wellknowntype_":"string"},{"_data_":"ads_rflib:I_Probe:symbol","_wellknowntype_":"string"},{"_data_":"ads_rflib:R:symbol","_wellknowntype_":"string"},{"_data_":"ads_simulation:AC:symbol","_wellknowntype_":"string"},{"_data_":"ads_simulation:ParamSweep:symbol","_wellknowntype_":"string"},{"_data_":"ads_sources:V_AC:symbol","_wellknowntype_":"string"}]},"timestamp":[{"file":{"_data_":".","_wellknowntype_":"string"},"time":{"_data_":1744732130125,"_wellknowntype_":"int64"}},{"file":{"_data_":"master.tag","_wellknowntype_":"string"},"time":{"_data_":1744722986835,"_wellknowntype_":"int64"}},{"file":{"_data_":"sch.oa","_wellknowntype_":"string"},"time":{"_data_":1744732130088,"_wellknowntype_":"int64"}}]}]},{"name":{"_data_":"osc_1","_wellknowntype_":"string"},"views":[{"name":{"_data_":"schematic","_wellknowntype_":"string"},"references":{"cells":[],"externalFiles":[],"libraries":[],"libraryFiles":[],"pcbVias":[],"views":[{"_data_":"TSMC_CM018RF_v5a:TSMC_CM018RF_INDS2_STD:symbol","_wellknowntype_":"string"},{"_data_":"TSMC_CM018RF_v5a:TSMC_CM018RF_MIMCAP:symbol","_wellknowntype_":"string"},{"_data_":"TSMC_CM018RF_v5a:TSMC_CM018RF_NMOS:symbol","_wellknowntype_":"string"},{"_data_":"TSMC_CM018RF_v5a:TSMC_CM018RF_PROCESS:symbol","_wellknowntype_":"string"},{"_data_":"TSMC_CM018RF_v5a:TSMC_CM018RF_RES:symbol","_wellknowntype_":"string"},{"_data_":"ads_pelib:TransientPE:symbol","_wellknowntype_":"string"},{"_data_":"ads_rflib:GROUND:symbol","_wellknowntype_":"string"},{"_data_":"ads_simulation:InitCond:symbol","_wellknowntype_":"string"},{"_data_":"ads_sources:I_DC:symbol","_wellknowntype_":"string"},{"_data_":"ads_sources:V_DC:symbol","_wellknowntype_":"string"}]},"timestamp":[{"file":{"_data_":".","_wellknowntype_":"string"},"time":{"_data_":1744909613854,"_wellknowntype_":"int64"}},{"file":{"_data_":"master.tag","_wellknowntype_":"string"},"time":{"_data_":1744541746781,"_wellknowntype_":"int64"}},{"file":{"_data_":"sch.oa","_wellknowntype_":"string"},"time":{"_data_":1744908122300,"_wellknowntype_":"int64"}}]}]},{"name":{"_data_":"osc_with_curr_mirr","_wellknowntype_":"string"},"views":[{"name":{"_data_":"schematic","_wellknowntype_":"string"},"references":{"cells":[],"externalFiles":[],"libraries":[],"libraryFiles":[],"pcbVias":[],"views":[{"_data_":"TSMC_CM018RF_v5a:TSMC_CM018RF_INDS2_STD:symbol","_wellknowntype_":"string"},{"_data_":"TSMC_CM018RF_v5a:TSMC_CM018RF_MIMCAP:symbol","_wellknowntype_":"string"},{"_data_":"TSMC_CM018RF_v5a:TSMC_CM018RF_NMOS:symbol","_wellknowntype_":"string"},{"_data_":"TSMC_CM018RF_v5a:TSMC_CM018RF_PROCESS:symbol","_wellknowntype_":"string"},{"_data_":"TSMC_CM018RF_v5a:TSMC_CM018RF_RES:symbol","_wellknowntype_":"string"},{"_data_":"ads_pelib:TransientPE:symbol","_wellknowntype_":"string"},{"_data_":"ads_rflib:GROUND:symbol","_wellknowntype_":"string"},{"_data_":"ads_simulation:InitCond:symbol","_wellknowntype_":"string"},{"_data_":"ads_sources:I_DC:symbol","_wellknowntype_":"string"},{"_data_":"ads_sources:V_DC:symbol","_wellknowntype_":"string"}]},"timestamp":[{"file":{"_data_":".","_wellknowntype_":"string"},"time":{"_data_":1744908142177,"_wellknowntype_":"int64"}},{"file":{"_data_":"master.tag","_wellknowntype_":"string"},"time":{"_data_":1744906210875,"_wellknowntype_":"int64"}},{"file":{"_data_":"sch.oa","_wellknowntype_":"string"},"time":{"_data_":1744908142174,"_wellknowntype_":"int64"}}]}]},{"name":{"_data_":"osc_with_varactor_wrk","_wellknowntype_":"string"},"views":[{"name":{"_data_":"schematic","_wellknowntype_":"string"},"references":{"cells":[],"externalFiles":[],"libraries":[],"libraryFiles":[],"pcbVias":[],"views":[{"_data_":"TSMC_CM018RF_v5a:TSMC_CM018RF_INDS2_STD:symbol","_wellknowntype_":"string"},{"_data_":"TSMC_CM018RF_v5a:TSMC_CM018RF_MIMCAP:symbol","_wellknowntype_":"string"},{"_data_":"TSMC_CM018RF_v5a:TSMC_CM018RF_NMOS:symbol","_wellknowntype_":"string"},{"_data_":"TSMC_CM018RF_v5a:TSMC_CM018RF_PROCESS:symbol","_wellknowntype_":"string"},{"_data_":"TSMC_CM018RF_v5a:TSMC_CM018RF_RES:symbol","_wellknowntype_":"string"},{"_data_":"ads_datacmps:VAR:symbol","_wellknowntype_":"string"},{"_data_":"ads_pelib:TransientPE:symbol","_wellknowntype_":"string"},{"_data_":"ads_rflib:GROUND:symbol","_wellknowntype_":"string"},{"_data_":"ads_simulation:InitCond:symbol","_wellknowntype_":"string"},{"_data_":"ads_sources:I_DC:symbol","_wellknowntype_":"string"},{"_data_":"ads_sources:V_DC:symbol","_wellknowntype_":"string"}]},"timestamp":[{"file":{"_data_":".","_wellknowntype_":"string"},"time":{"_data_":1744908772801,"_wellknowntype_":"int64"}},{"file":{"_data_":"master.tag","_wellknowntype_":"string"},"time":{"_data_":1744740213239,"_wellknowntype_":"int64"}},{"file":{"_data_":"sch.oa","_wellknowntype_":"string"},"time":{"_data_":1744906189561,"_wellknowntype_":"int64"}}]}]}],"name":{"_data_":"CC_CA1_lib","_wellknowntype_":"string"},"version":{"_data_":1.0,"_wellknowntype_":"double"}}